case_number,borough,auction_date,judgement,upset_price,winning_bid
31424/2020E,Bronx,2024-09-09,55300.0,105156.0,290000.0
382861/2009E,Bronx,2024-09-09,983184.0,1.550032e6,100.0
709301/2022,Queens,2024-08-30,26441.26,147521.0,460000.0
702292/2015,Queens,2024-09-06,343677.0,746259.0,100.0
712170/2016,Queens,2023-03-03,1.093313e6,769500.0,100.0
706232/2018,Queens,2024-09-06,3469.0,16376.0,16500.0
711610/2018,Queens,2024-09-06,721150.0,35505.0,35506.0
725487/2020,Queens,2024-09-06,12236.0,47000.0,780000.0
702676/2021,Queens,2024-09-06,376112.0,636657.0,100.0
726045/2021,Queens,2024-09-06,909946.0,901697.0,922000.0
714341/2023,Queens,2024-09-06,30953.0,47472.0,250000.0
719708/2021,Queens,2024-09-13,724965.0,531400.0,100.0
701533/2014,Queens,2024-09-13,292888.0,329155.0,505000.0
704596/2016,Queens,2024-09-13,514701.0,616228.0,100.0
704227/2017,Queens,2024-09-13,2631.0,124000.0,590000.0
713650/2016,Queens,2024-09-13,1.215184e6,900000.0,100.0
716226/2022,Queens,2024-09-13,1.040135e6,520900.0,685000.0
704644/2021,Queens,2024-09-13,1.142258e6,1.11945e6,100.0
706393/2014,Queens,2018-02-02,890519.0,530637.0,975000.0
704473/2013,Queens,2024-09-13,1.107632e6,1.40439e6,100.0
707536/2017,Queens,2022-10-21,565111.0,765000.0,100.0
715975/2021,Queens,2023-08-25,435447.04,757827.0,100.0
718598/2021,Queens,2024-01-19,382128.76,373450.0,100.0
706573/2014,Queens,2022-10-28,673603.12,490000.0,100.0
707816/2017,Queens,2022-09-29,537939.53,713063.64,820000.0
718967/2020,Queens,2024-04-05,887188.29,462598.64,100.0
704716/2021,Queens,2022-05-06,229833.31,374000.0,501000.0
700443/2015,Queens,2022-05-12,425127.02,597442.57,415000.0
717415/2019,Queens,2023-08-04,129335.61,280000.0,515000.0
716705/2023,Queens,2023-01-27,1.19354093e6,723645.83,770000.0
704688/2015,Queens,2024-03-15,487374.38,462000.0,100.0
153171/2018,Manhattan,2019-11-20,33260.45,64979.0,665000.0
810088/2010,Manhattan,2024-09-11,1.645436e6,1.7e6,100.0
31291/2019E,Bronx,2023-08-14,32119.52,69767.13,50000.0
710484/2016,Queens,2023-04-21,346584.1,521640.16,100.0
726242/2021,Queens,2023-02-17,329970.18,468071.48,100.0
714970/2019,Queens,2023-10-06,654401.57,523600.0,100.0
24710/2019E,Bronx,2022-10-24,210132.87,578898.55,1.11e6
135393/2017,Staten Island,2022-10-20,205141.55,265123.03,345000.0
708606/2014,Queens,2024-12-13,468536.0,738355.0,100.0
705527/2014,Queens,2022-02-25,435361.0,743795.0,1.0e6
703897/2015,Queens,2017-07-21,320575.0,325228.0,370000.0
702945/2016,Queens,2024-02-23,2145.0,26260.0,27000.0
703734/2014,Queens,2023-06-02,727036.0,825637.0,100.0
713638/2016,Queens,2023-05-05,311784.0,409500.0,410000.0
702169/2017,Queens,2022-10-21,753827.0,742242.0,100.0
717146/2017,Queens,2024-01-12,423950.0,535957.0,100.0
850370/2014,Manhattan,2024-08-07,0.0,0.0,0.0
380389/2012E,Bronx,2024-09-16,683114.65,740652.04,635000.0
809940/2021E,Bronx,2024-09-16,40269.7,78480.64,230000.0
4836/2014,Brooklyn,2024-09-12,571443.47,815559.37,880000.0
510443/2016,Brooklyn,2024-09-12,753996.48,849655.04,920000.0
515819/2017,Brooklyn,2024-09-12,365047.0,274377.0,400000.0
506827/2018,Brooklyn,2024-09-12,60322.0,230818.0,430000.0
35272/2018E,Bronx,2024-09-09,327909.0,551704.0,552000.0
705281/2016,Queens,2023-01-06,861430.0,675000.0,100.0
709077/2023,Queens,2024-08-30,15848.4,68716.76,585000.0
850194/2019,Manhattan,2024-08-28,1.32737731e6,892000.0,100.0
850059/2022,Manhattan,2024-08-28,45365.82,76774.39,100.0
850089/2022,Manhattan,2024-08-28,2.102134423e7,2.102134423e7,100.0
850012/2023,Manhattan,2024-08-28,4.10228191e6,4.396532e6,100.0
850013/2023,Manhattan,2024-08-28,1.487171e6,1.594054e6,100.0
35581/2014E,Bronx,2024-08-26,829571.0,1.172902e6,100.0
850026/2022,Manhattan,2024-08-21,5.76124593e7,0.0,2.276e7
850045/2020,Manhattan,2024-08-21,30036.0,33369.0,100.0
850198/2021,Manhattan,2024-08-21,9.703521e6,9.4e6,100.0
35805/2015E,Bronx,2024-08-12,372728.21,500000.0,501000.0
381069/2012E,Bronx,2024-08-12,403917.0,569500.0,100.0
381839/2009E,Bronx,2024-08-12,373136.0,496000.0,1.0e6
850085/2022,Manhattan,2024-07-31,684476.0,550500.0,550500.0
850086/2022,Manhattan,2024-07-31,863779.0,725000.0,725000.0
850046/2022,Manhattan,2024-06-12,2.00986189e6,2.363234e6,100.0
850055/2022,Manhattan,2024-06-12,1.3706921e7,0.0,3.0e6
850121/2022,Manhattan,2024-06-12,1.50417e6,1.667614e6,100.0
705527/2014,Queens,2022-02-25,435361.25,743795.39,1.0e6
703897/2015,Queens,2017-07-21,320575.52,325228.71,370000.0
715975/2021,Queens,2023-06-02,727036.0,825637.0,100.0
718598/2021,Queens,2024-01-29,382128.0,373450.0,373450.0
850370/2014,Manhattan,2024-08-07,100.0,100.0,100.0
706393/2014,Queens,2018-02-02,89519.51,530637.0,975000.0
707536/2017,Queens,2022-10-21,565111.0,765000.0,100.0
715975/2021,Queens,2023-08-25,435447.0,757827.0,757827.0
718598/2021,Queens,2024-01-19,382128.0,373450.0,100.0
706393/2014,Queens,2018-02-02,890519.0,530637.0,975000.0
715975/2021,Queens,2023-08-25,435447.0,757827.0,100.0
719708/2021,Queens,2024-09-06,724965.0,531400.0,100.0
382283/2009E,Bronx,2024-09-23,506167.0,830852.0,100.0
715975/2021,Queens,2023-08-25,435447.0,757827.0,100.0
718598/2021,Queens,2024-01-19,382128.0,373450.0,100.0
850370/2014,Manhattan,2024-08-07,100.0,100.0,100.0
706393/2014,Queens,2018-02-02,890519.0,530637.0,975000.0
707536/2017,Queens,2022-10-21,565111.0,765000.0,100.0
715975/2021,Queens,2024-09-13,435474.0,775528.0,100.0
715975/2021,Queens,2024-09-20,435474.0,775528.0,100.0
718598/2021,Queens,2024-01-19,382128.0,373450.0,100.0
725752/2021,Queens,2024-09-27,115756.0,321915.0,420000.0
707816/2017,Queens,2024-09-27,537939.0,820000.0,827000.0
718967/2020,Queens,2024-09-27,887108.0,464383.0,100.0
720432/2019,Queens,2024-09-27,427892.0,478846.0,610000.0
711959/2022,Queens,2024-09-27,4.148927e6,4.68e6,5.0e6
723360/2022,Queens,2024-09-27,414510.0,457231.0,475000.0
719526/2022,Queens,2024-09-27,7000.0,16664.0,100.0
705480/2015,Queens,2024-09-27,480191.0,633250.0,100.0
709530/2023,Queens,2024-09-27,299926.0,169965.0,275000.0
714924/2021,Queens,2024-09-27,656353.0,526839.0,100.0
706032/2014,Queens,2024-09-27,675245.0,901852.0,100.0
707093/2015,Queens,2024-09-27,554323.0,521165.0,545000.0
706902/2018,Queens,2024-09-27,500556.0,522578.0,100.0
714340/2018,Queens,2024-09-27,221736.0,260045.0,330000.0
720103/2021,Queens,2024-09-27,539414.0,560000.0,100.0
718666/2018,Queens,2024-09-27,449859.0,498576.0,100.0
712776/2020,Queens,2024-09-27,3.922166e6,950000.0,100.0
717415/2019,Queens,2024-09-27,129335.0,340000.0,340001.0
34694/2020E,Bronx,2024-09-23,54009.0,91152.0,190000.0
24494/2019E,Bronx,2024-09-23,47276.0,104640.0,200000.0
20257/2020E,Bronx,2024-09-23,75809.0,116685.0,100.0
33418/2019E,Bronx,2024-09-23,30609.0,79404.0,100.0
726700/2021,Queens,2024-09-20,500266.0,470050.0,100.0
704621/2013,Queens,2024-09-20,1.342554e6,1.19e6,100.0
718885/2020,Queens,2024-09-20,194848.0,243630.0,244000.0
712052/2022,Queens,2024-09-20,145389.0,203483.0,960000.0
20317/2009,Brooklyn,2024-09-19,741136.0,1.115823e6,1.22e6
506570/2015,Brooklyn,2024-09-19,390332.0,554686.0,576000.0
510305/2016,Brooklyn,2024-09-19,688264.0,728700.0,860000.0
517743/2019,Brooklyn,2024-09-19,626727.0,1.003784e6,1.17e6
511055/2014,Brooklyn,2024-09-12,490163.0,763634.0,100.0
502205/2015,Brooklyn,2024-09-12,621181.0,892323.0,100.0
850147/2023,Manhattan,2024-09-11,27193.0,23193.0,100.0
850199/2022,Manhattan,2024-09-11,41203.0,59486.0,100.0
850239/2016,Manhattan,2024-09-04,1.228693e6,1.301682e6,100.0
150206/2019,Manhattan,2024-09-04,214124.0,214624.0,100.0
150207/2019,Manhattan,2024-09-04,209717.0,210217.0,100.0
706573/2014,Queens,2024-09-27,1000.0,500000.0,100.0
27190/2009,Brooklyn,2024-09-26,606491.0,378655.0,765000.0
532617/2022,Brooklyn,2024-09-26,4560.0,17000.0,17001.0
705237/2017,Queens,2024-09-20,941529.0,1.127447e6,100.0
710605/2017,Queens,2024-09-20,2803.0,23284.0,120000.0
700023/2021,Queens,2024-09-20,1.015907e6,916353.0,100.0
13370/2014,Brooklyn,2024-09-19,384711.0,600982.0,604000.0
518307/2020,Brooklyn,2024-09-19,1000.0,86673.0,91000.0
522350/2020,Brooklyn,2024-09-19,949313.0,627127.0,1.07e6
150205/2019,Manhattan,2024-09-04,206606.0,207106.0,100.0
32034/2016E,Bronx,2024-09-30,376946.0,285000.0,360000.0
523208/2016,Brooklyn,2024-09-26,385648.0,313000.0,600000.0
517140/2019,Brooklyn,2024-09-26,337264.0,387596.0,485000.0
517031/2022,Brooklyn,2024-09-26,340202.0,377023.0,900000.0
700058/2021,Queens,2024-09-20,923579.0,653480.0,100.0
517525/2021,Brooklyn,2024-09-19,1.695539e6,1.320114e6,100.0
507714/2023,Brooklyn,2024-09-19,511186.0,592014.0,100.0
517978/2020,Brooklyn,2024-09-12,735319.0,830801.0,100.0
159358/2022,Manhattan,2024-10-02,66379.0,133000.0,611000.0
380790/2007E,Bronx,2024-09-30,560089.0,425000.0,430000.0
34605/2018E,Bronx,2024-09-30,16824.0,48409.0,205000.0
717992/2021,Queens,2024-10-04,656176.0,524600.0,100.0
850207/2019,Manhattan,2024-09-19,62091.0,64043.0,100.0
850596/2023,Manhattan,2024-09-19,39662.0,42924.0,100.0
703963/2023,Queens,2024-10-04,358307.0,402354.0,404000.0
534112/2022,Brooklyn,2024-10-03,210014.0,255338.0,640000.0
850173/2022,Manhattan,2024-10-02,7.130432e6,0.0,3.6e6
850084/2022,Manhattan,2024-10-02,1.881618e6,2.188711e6,100.0
850375/2023,Manhattan,2024-09-26,60959.0,62728.0,100.0
35849/2015E,Bronx,2024-10-07,509303.0,803289.0,100.0
150524/2017,Manhattan,2024-10-09,304412.0,382001.0,100.0
502885/2015,Brooklyn,2024-10-03,609035.0,745886.0,746000.0
32199/2017E,Bronx,2024-10-07,374983.0,425000.0,500000.0
715049/2019,Queens,2024-10-11,6847.0,18191.0,50000.0
719391/2022,Queens,2024-10-11,7033.0,19932.0,86000.0
850377/2015,Manhattan,2024-10-09,642267.0,690000.0,100.0
850207/2021,Manhattan,2024-10-09,1.632632e6,1.963872e6,100.0
850087/2022,Manhattan,2024-10-09,1.443159e6,1.613749e6,100.0
380623/2012E,Bronx,2024-10-07,566036.0,554870.0,555000.0
710783/2022,Queens,2024-10-11,724295.0,649000.0,650000.0
716695/2020,Queens,2024-10-11,1.185144e6,336552.0,465000.0
501008/2014,Brooklyn,2024-10-10,645305.0,924412.0,925000.0
135164/2019,Staten Island,2024-10-24,441602.0,557775.0,100.0
724847/2020,Queens,2024-10-18,723429.82,876286.77,100.0
703385/2023,Queens,2024-10-18,72772.0,344684.0,100.0
850041/2019,Manhattan,2024-09-26,56809.0,92128.0,100.0
380625/2011E,Bronx,2024-10-07,544200.0,844589.0,100.0
850122/2017,Manhattan,2024-09-19,30810.0,27723.0,100.0
726242/2021,Queens,2024-10-25,329970.0,525066.0,100.0
714970/2019,Queens,2024-10-25,,,
515272/2019,Brooklyn,2024-10-17,31949.0,130918.0,710000.0
524436/2022,Brooklyn,2024-10-17,34365.0,94305.0,740000.0
700542/2017,Queens,2024-10-11,562146.0,626507.0,100.0
16849/2009,Brooklyn,2024-10-10,633280.0,935062.0,936000.0
380625/2011e,Bronx,2024-10-07,544280.0,844389.0,100.0
932/2008,Brooklyn,2024-09-19,1.045972e6,711000.0,100.0
707288/2019,Queens,2024-10-18,679918.0,638995.0,100.0
701288/2019,Queens,2024-10-18,586566.0,561000.0,100.0
719898/2018,Queens,2024-10-11,549754.0,629424.0,100.0
850119/2023,Manhattan,2024-10-23,210008.0,13198.0,100.0
711348/2023,Queens,2024-10-18,454131.0,486648.0,487000.0
528954/2022,Brooklyn,2024-10-17,6235.0,15331.0,17500.0
512523/2021,Brooklyn,2024-10-10,2.603006e6,3.392368e6,100.0
260075/2017E,Bronx,2024-10-07,18401.0,121537.0,100.0
520611/2020,Brooklyn,2024-10-03,10263.0,29933.0,1.5e6
850208/2018,Manhattan,2024-09-26,101810.0,106094.0,100.0
152044/2022,Staten Island,2024-09-12,41997.0,55994.0,72000.0
708859/2021,Queens,2024-10-25,288115.0,438000.0,100.0
501361/2017,Brooklyn,2024-10-17,523011.0,578942.0,800565.0
500853/2023,Brooklyn,2024-10-17,2275.0,13652.0,100.0
725586/2022,Queens,2024-10-04,1.510776e6,600000.0,601000.0
708640/2017,Queens,2024-10-25,26054.0,128000.0,840000.0
23661/2019E,Bronx,2024-10-21,27722.0,434368.0,435000.0
708324/2016,Queens,2024-10-18,494723.0,489600.0,490000.0
507810/2021,Brooklyn,2024-10-17,288465.0,332612.0,385000.0
501594/2015,Brooklyn,2024-10-03,95085.0,119835.0,535000.0
713638/2016,Queens,2024-11-01,,,
702169/2017,Queens,2024-11-01,753827.0,1.01804e6,100.0
717146/2017,Queens,2024-11-01,423950.0,543423.0,544000.0
16500/2007E,Bronx,2024-10-28,1.458976e6,1.197e6,100.0
850026/2019,Manhattan,2024-09-26,92158.0,96785.0,100.0
380695/2012E,Bronx,2024-10-21,710383.0,769000.0,100.0
703151/2023,Queens,2024-10-18,77290.0,77290.0,480000.0
850135/2018,Manhattan,2024-10-10,49056.0,52605.0,100.0
712380/2015,Queens,2024-10-25,284555.0,459000.0,100.0
11798/2008,Brooklyn,2024-10-24,225821.0,271419.0,272000.0
509579/2022,Brooklyn,2024-10-03,1.839206e6,1.6e6,100.0
522115/2020,Brooklyn,2024-10-10,20908.0,94452.0,725000.0
704668/2020,Queens,2024-10-04,285733.0,592000.0,900000.0
506959/2014,Brooklyn,2024-09-26,507599.0,671204.0,100.0
714823/2021,Queens,2024-11-01,855502.0,884000.0,1.12e6
717755/2021,Queens,2024-11-01,3.125391e6,2.3e6,2.44e6
704357/2017,Queens,2024-11-01,399609.0,524424.0,100.0
850071/2020,Manhattan,2024-10-30,65465.0,14610.0,100.0
702945/2016,Queens,2024-11-08,2145.0,21520.0,100.0
703734/2014,Queens,2024-11-08,727036.0,1.125e6,100.0
157609/2022,Manhattan,2024-10-30,219013.0,419342.0,1.87e6
17410/2009,Brooklyn,2024-10-17,891004.0,502235.0,502235.0
158117/2021,Manhattan,2024-10-09,63370.0,220000.0,950000.0
806203/2021E,Bronx,2024-09-09,568060.0,724150.0,100.0
707209/2018,Queens,2024-11-01,772215.0,727279.0,100.0
707220/2015,Queens,2024-10-18,936600.0,1.018219e6,100.0
11103/2013,Brooklyn,2024-10-17,607025.0,867492.0,100.0
156969/2018,Manhattan,2024-10-16,63370.0,220000.0,950000.0
715884/2021,Queens,2024-11-08,475323.0,741254.0,100.0
714303/2019,Queens,2024-11-08,1.048394e6,1.091458e6,100.0
850322/2023,Manhattan,2024-11-06,27887.0,14760.0,100.0
814427/2021E,Bronx,2024-10-28,446843.0,199000.0,220000.0
850131/2019,Manhattan,2024-10-23,32916.0,25500.0,100.0
500666/2021,Brooklyn,2024-10-17,881424.0,1.114825e6,100.0
511172/2014,Brooklyn,2024-10-10,763183.0,1.010461e6,100.0
520848/2018,Brooklyn,2024-11-07,651380.0,722088.0,900000.0
381207/2012E,Bronx,2024-11-04,653198.0,538000.0,850000.0
709107/2021,Queens,2024-11-08,853777.0,659187.0,100.0
709282/2020,Queens,2024-11-08,4.913096e6,8.5e6,100.0
850187/2023,Manhattan,2024-11-06,21061.0,19200.0,100.0
702160/2015,Queens,2024-11-01,538440.0,540600.0,100.0
513536/2021,Brooklyn,2024-10-24,3.661359e6,1.9e6,100.0
719970/2023,Queens,2024-11-08,768617.0,750000.0,100.0
702976/2016,Queens,2024-11-08,515644.0,439762.0,100.0
524357/2018,Brooklyn,2024-11-07,413698.0,528723.0,600000.0
714990/2022,Queens,2024-10-25,879349.0,875000.0,100.0
705894/2017,Queens,2024-10-18,488524.0,483600.0,484000.0
24915/2010,Brooklyn,2024-10-10,1.152627e6,1.550175e6,100.0
850189/2021,Manhattan,2024-11-13,6.3e6,6.3e6,100.0
714425/2018,Queens,2024-11-08,313160.0,364988.0,420000.0
710560/2018,Queens,2024-11-08,393586.0,535247.0,100.0
707659/2019,Queens,2024-11-08,549059.0,498694.0,498695.0
151783/2022,Staten Island,2024-11-07,549792.0,570000.0,100.0
27339/2009,Brooklyn,2024-11-07,931120.0,937500.0,965000.0
11898/2013,Brooklyn,2024-11-07,774237.0,758138.0,780000.0
532411/2022,Brooklyn,2024-11-07,98972.0,56686.0,110000.0
32054/2017E,Bronx,2024-11-04,531571.0,936899.0,100.0
381079/2013E,Bronx,2024-11-04,863397.0,750000.0,100.0
35930/2015E,Bronx,2024-11-04,384820.0,703781.0,100.0
702754/2012,Queens,2024-11-01,727968.0,652000.0,100.0
717127/2019,Queens,2024-11-01,347767.0,418752.0,470000.0
708749/2018,Queens,2024-11-01,615057.0,789408.0,100.0
703946/2021,Queens,2024-11-01,445785.0,711096.0,100.0
35411/2013E,Bronx,2024-10-28,761694.0,302250.0,455000.0
723327/2021,Queens,2024-10-25,440549.0,678625.0,100.0
704841/2018,Queens,2024-10-25,7297.0,30204.0,100.0
700025/2021,Queens,2024-10-25,637397.0,827626.0,100.0
707933/2022,Queens,2024-10-25,1.015768e6,1.203264e6,100.0
700937/2023,Queens,2024-11-15,471959.0,552500.0,570000.0
710441/2017,Queens,2024-11-15,1.128276e6,1.371336e6,100.0
703780/2021,Queens,2024-11-15,540141.0,535500.0,100.0
719959/2022,Queens,2024-11-15,720116.0,575000.0,100.0
711905/2021,Queens,2024-11-15,606696.0,491330.0,100.0
708614/2022,Queens,2024-11-15,607830.0,680000.0,100.0
705031/2017,Queens,2024-11-15,443175.0,562896.0,630000.0
504398/2013,Brooklyn,2024-11-14,255903.0,402984.0,480000.0
519508/2021,Brooklyn,2024-11-14,5429.0,21418.0,21419.0
514404/2023,Brooklyn,2024-11-07,1.175649e6,1.3e6,1.305e6
35896/2007,Brooklyn,2024-11-07,567290.0,625085.0,1.125e6
35304/2014E,Bronx,2024-11-04,840596.0,281925.0,500000.0
709479/2017,Queens,2024-11-01,817726.0,741125.0,100.0
717812/2018,Queens,2024-10-25,437378.0,504360.0,520000.0
525866/2020,Brooklyn,2024-10-24,682896.0,475000.0,100.0
32021/2015E,Bronx,2024-10-21,494464.0,486000.0,100.0
850136/2021,Manhattan,2024-10-17,27461.0,32291.0,100.0
850074/2023,Manhattan,2024-10-16,2.638307e6,2.925106e6,100.0
710609/2022,Queens,2024-11-22,460529.0,450000.0,100.0
709093/2017,Queens,2024-11-22,207654.0,225150.0,260000.0
502739/2015,Brooklyn,2024-11-21,1.220459e6,985584.0,1.375e6
525436/2018,Brooklyn,2024-11-21,1.924029e6,1.9125e6,2.05e6
521815/2019,Brooklyn,2024-11-21,524330.0,595000.0,765000.0
509342/2024,Brooklyn,2024-11-21,1.826153e6,2.025094e6,2.5e6
850135/2019,Manhattan,2024-11-20,3.335374e6,3.2e6,100.0
727631/2021,Queens,2024-11-15,415025.0,497250.0,100.0
700356/2022,Queens,2024-11-15,626436.0,775000.0,100.0
704922/2015,Queens,2024-11-15,520994.0,537067.0,100.0
722456/2022,Queens,2024-11-15,306204.0,339244.0,339245.0
705282/2016,Queens,2024-11-15,317070.0,452261.0,100.0
711858/2019,Queens,2024-11-15,332547.0,367541.0,535000.0
702552/2022,Queens,2024-11-15,164168.0,100000.0,180000.0
709008/2021,Queens,2024-11-15,1.128329e6,525398.0,710000.0
720659/2022,Queens,2024-11-15,2136.0,12136.0,13000.0
524248/2022,Brooklyn,2024-11-14,10340.0,22902.0,22903.0
37825/2006,Brooklyn,2024-10-17,791628.0,1.340363e6,100.0
850264/2021,Manhattan,2024-10-09,2.6503146e7,2.8376346e7,100.0
135239/2019,Staten Island,2024-09-26,471747.0,475000.0,100.0
516919/2019,Brooklyn,2024-09-26,1.636808e6,1.45e6,100.0
502465/2015,Brooklyn,2024-09-26,804092.0,800000.0,100.0
850179/2023,Manhattan,2024-09-25,34014.0,12270.0,100.0
850190/2023,Manhattan,2024-09-25,21549.0,22200.0,100.0
850233/2023,Manhattan,2024-09-25,21542.0,11298.0,100.0
531162/2021,Brooklyn,2024-09-19,604125.0,784396.0,100.0
135844/2016,Staten Island,2024-09-12,246740.0,426192.0,423000.0
707847/2017,Queens,2024-11-15,1.047311e6,1.231699e6,100.0
850212/2016,Manhattan,2024-10-10,111933.0,114752.0,100.0
708694/2021,Queens,2024-11-15,1.010238e6,1.1305e6,1.175e6
808046/2023E,Bronx,2024-10-21,5.246713e6,4.413e6,100.0
715126/2017,Queens,2024-11-22,444016.0,465827.0,100.0
708846/2017,Queens,2024-11-15,375702.0,473313.0,100.0
708026/2018,Queens,2024-11-15,651028.0,795267.0,100.0
135292/2013,Staten Island,2024-11-07,493335.0,708951.0,100.0
135218/2022,Staten Island,2024-10-10,494857.0,522792.0,516000.0
519103/2017,Brooklyn,2024-09-26,854392.0,854392.0,100.0
35378/2015E,Bronx,2024-12-02,585249.0,535500.0,100.0
712847/2015,Queens,2024-11-22,579529.0,695000.0,100.0
380393/2012E,Bronx,2024-12-02,607239.0,851041.0,100.0
504850/2023,Brooklyn,2024-11-21,851039.0,924961.0,100.0
135216/2016,Staten Island,2024-11-07,337757.0,402504.0,402505.0
706107/2019,Queens,2024-12-06,723941.0,403353.0,465000.0
721820/2020,Queens,2024-10-25,25328.0,519000.0,100.0
135263/2015,Staten Island,2024-09-26,557741.0,982695.0,702000.0
130404/2012,Staten Island,2024-09-26,412775.0,496805.0,620000.0
718093/2021,Queens,2024-12-06,314107.0,420700.0,465000.0
535819/2022,Brooklyn,2024-11-07,384375.0,427137.0,100.0
718481/2021,Queens,2024-11-01,799921.0,725727.0,100.0
33009/2006,Brooklyn,2024-10-10,374922.0,792446.0,100.0
850220/2023,Manhattan,2024-10-02,749804.0,800116.0,655000.0
512388/2019,Brooklyn,2024-12-05,690845.0,816000.0,1.0e6
1009/2010,Brooklyn,2024-12-12,587668.0,731939.0,920000.0
515658/2022,Brooklyn,2024-12-12,502653.0,399000.0,100.0
522583/2023,Brooklyn,2024-12-12,4.007266e6,3.15e6,100.0
531504/2022,Brooklyn,2024-12-12,156990.0,849210.0,849211.0
532882/2022,Brooklyn,2024-12-12,46811.0,157170.0,1.2e6
850280/2019,Manhattan,2024-12-11,2.47771e6,1.61991e6,100.0
850673/2023,Manhattan,2024-12-11,755328.0,817513.0,825000.0
380881/2011E,Bronx,2024-12-09,3.572644e6,2.7e6,100.0
35934/2014E,Bronx,2024-12-09,364912.0,626271.0,100.0
25457/2019E,Bronx,2024-12-09,41260.0,387905.0,510000.0
713720/2016,Queens,2024-12-06,542565.0,384000.0,440000.0
725132/2021,Queens,2024-12-06,521462.0,551650.0,100.0
708736/2021,Queens,2024-12-06,748371.0,833000.0,100.0
706901/2019,Queens,2024-12-06,1.100516e6,920000.0,921000.0
710637/2019,Queens,2024-12-06,547996.0,275000.0,355000.0
701382/2021,Queens,2024-12-06,537540.0,826886.0,100.0
701805/2020,Queens,2024-12-06,853810.0,875000.0,100.0
726018/2022,Queens,2024-12-06,6878.0,19000.0,100.0
711422/2015,Queens,2024-12-06,6.840732e6,3.7e6,100.0
708992/2017,Queens,2024-12-06,832004.0,855000.0,100.0
526101/2018,Brooklyn,2024-12-05,290760.0,361141.0,664000.0
503186/2020,Brooklyn,2024-12-05,468386.0,626000.0,810000.0
514755/2021,Brooklyn,2024-12-05,5.180425e6,2.2e6,100.0
530462/2022,Brooklyn,2024-12-05,293595.0,315243.0,530000.0
532194/2022,Brooklyn,2024-12-05,3702.0,14600.0,100.0
381070/2011E,Bronx,2024-12-02,174850.0,187000.0,215000.0
32600/2017E,Bronx,2024-12-02,50261.0,69000.0,175000.0
36049/2019E,Bronx,2024-12-02,74971.0,183190.0,445000.0
381463/2008E,Bronx,2024-12-02,1.010592e6,907914.0,100.0
704375/2017,Queens,2024-12-13,924288.0,864000.0,100.0
700506/2023,Queens,2024-12-13,499420.0,499420.0,530000.0
8735/2013,Brooklyn,2024-12-12,306650.0,681338.0,682000.0
511297/2021,Brooklyn,2024-12-12,1.307562e6,1.58e6,1.59e6
380858/2012E,Bronx,2024-12-02,586889.0,290500.0,575000.0
522350/2023,Brooklyn,2024-11-21,1.20267e6,1.359785e6,100.0
703385/2014,Queens,2024-12-13,661031.0,889025.0,100.0
701114/2024,Queens,2024-12-13,327576.0,344233.0,760000.0
703321/2013,Queens,2024-12-06,448427.0,490254.0,730000.0
158758/2020,Manhattan,2024-12-04,116457.0,611470.0,1.01e6
32450/2017E,Bronx,2024-12-02,824640.0,552819.0,590000.0
703762/2021,Queens,2024-11-22,851878.0,900000.0,100.0
703947/2021,Queens,2024-11-22,571822.0,538000.0,100.0
33200/2018E,Bronx,2024-10-21,12316.0,114050.0,360000.0
9741/2013,Brooklyn,2024-12-12,203205.0,405011.0,895000.0
504228/2015,Brooklyn,2024-12-12,587876.0,599000.0,790000.0
850088/2022,Manhattan,2024-12-11,1.519549e6,1.657e6,100.0
850450/2023,Manhattan,2024-12-04,6.9285724e7,7.448164e7,100.0
35422/2015E,Bronx,2024-12-02,541305.0,761601.0,100.0
701433/2015,Queens,2024-11-22,793907.0,719100.0,100.0
130081/2014,Staten Island,2024-11-21,563626.0,667497.0,100.0
15642/2013,Brooklyn,2024-10-31,622720.0,844528.0,100.0
505426/2016,Brooklyn,2024-09-26,645126.0,884801.0,100.0
520302/2017,Brooklyn,2024-09-19,574061.0,796416.0,100.0
521999/2020,Brooklyn,2024-12-19,6892.0,38963.0,935000.0
524125/2022,Brooklyn,2024-12-19,605612.0,653187.0,1.25e6
533537/2022,Brooklyn,2024-12-19,2760.0,13500.0,13600.0
721445/2023,Queens,2024-12-13,525931.0,218000.0,460000.0
705975/2017,Queens,2024-12-13,260467.0,327043.0,470000.0
708582/2023,Queens,2024-12-13,418819.0,340000.0,360000.0
130256/2010,Staten Island,2024-10-10,322699.0,373640.0,100.0
130692/2013,Staten Island,2024-09-26,423583.0,776142.0,100.0
710337/2021,Queens,2024-12-13,1.163535e6,998000.0,100.0
506939/2015,Brooklyn,2024-11-14,773688.0,893404.0,930000.0
511142/2014,Brooklyn,2024-11-14,,,
510789/2015,Brooklyn,2024-10-03,689740.0,770176.0,100.0
515044/2015,Brooklyn,2024-09-12,780187.0,1.317586e6,100.0
526088/2023,Brooklyn,2024-12-19,557554.0,607448.0,700000.0
380274/2014E,Bronx,2024-12-16,795805.0,1.419686e6,755000.0
32049/2015E,Bronx,2024-12-16,270648.0,255300.0,100.0
16715/2007E,Bronx,2024-12-09,654696.0,837250.0,100.0
727232/2021,Queens,2024-12-06,786792.0,296416.0,520000.0
702398/2016,Queens,2024-12-06,871914.0,1.10075e6,100.0
380310/2014E,Bronx,2024-12-02,934434.0,430235.0,680000.0
135175/2018,Staten Island,2024-11-21,764072.0,1.072848e6,100.0
532794/2021,Brooklyn,2024-11-21,468702.0,503219.0,550000.0
36542/2019E,Bronx,2024-10-21,954618.0,600000.0,100.0
520824/2019,Brooklyn,2024-09-26,795843.0,868546.0,465000.0
514462/2018,Brooklyn,2024-09-12,534878.0,807734.0,100.0
131182/2013,Staten Island,2024-09-12,642342.0,1.15907e6,100.0
703821/2021,Queens,2024-12-13,437647.0,656530.0,100.0
716169/2019,Queens,2024-12-06,1.054059e6,799000.0,800000.0
513091/2022,Brooklyn,2024-12-05,472974.0,555025.0,100.0
702447/2014,Queens,2024-11-22,661455.0,961144.0,100.0
513923/2016,Brooklyn,2024-11-21,663623.0,844525.0,100.0
35039/2014E,Bronx,2024-11-18,873225.0,655000.0,100.0
721387/2021,Queens,2024-11-15,723415.0,494275.0,565000.0
18008/2009,Brooklyn,2024-09-26,1.265056e6,1.855854e6,902000.0
528945/2022,Brooklyn,2024-09-26,2.360078e6,2.628692e6,100.0
381676/2010E,Bronx,2024-09-09,969787.0,1.608892e6,100.0
720507/2022,Queens,2024-12-13,22873.0,51000.0,100.0
713140/2021,Queens,2025-01-03,618965.0,558900.0,100.0
382509/2009E,Bronx,2024-12-16,234928.0,700000.0,820000.0
2666/2014,Brooklyn,2024-12-12,998880.0,1.767222e6,100.0
511028/2016,Brooklyn,2024-12-12,514486.0,554449.0,100.0
135209/2018,Staten Island,2024-11-07,358548.0,390000.0,390000.0
725586/2022,Queens,2025-01-17,,,
850073/2019,Manhattan,2024-12-18,32963.0,29520.0,100.0
135162/2018,Staten Island,2024-12-05,434489.0,447603.0,100.0
722144/2023,Queens,2025-01-10,499972.0,374000.0,100.0
715136/2017,Queens,2025-01-10,598175.0,616250.0,100.0
157999/2020,Manhattan,2025-01-08,2755.0,20000.0,100.0
701793/2022,Queens,2024-12-13,1.151799e6,744000.0,745000.0
502887/2014,Brooklyn,2024-10-17,1.364739e6,1.364739e6,1.364739e6
718286/2021,Queens,2025-01-17,1.161858e6,800000.0,100.0
513199/2023,Brooklyn,2025-01-16,334743.0,360480.0,400000.0
522511/2018,Brooklyn,2024-10-10,1.245861e6,620000.0,620000.0
700551/2021,Queens,2025-01-24,391421.0,950000.0,1.08e6
135262/2022,Staten Island,2025-01-23,142286.0,167776.0,350000.0
500890/2016,Brooklyn,2025-01-23,564138.0,539750.0,585000.0
850662/2023,Manhattan,2025-01-29,2.310814e6,2.1e6,2.1e6
35349/2015E,Bronx,2025-01-13,358004.0,400000.0,100.0
703059/2021,Queens,2025-01-10,461676.0,640652.0,720000.0
708338/2016,Queens,2025-02-07,837913.0,425000.0,600000.0
708542/2021,Queens,2025-02-07,682432.0,573750.0,100.0
711617/2022,Queens,2025-02-07,801239.0,600000.0,608000.0
725034/2021,Queens,2025-02-07,1.362655e6,400000.0,630000.0
710330/2017,Queens,2025-02-07,998749.0,291870.0,325000.0
721436/2019,Queens,2025-02-07,510796.0,450598.0,500000.0
722283/2020,Queens,2025-02-07,555827.0,590687.0,100.0
716006/2020,Queens,2025-02-07,3269.0,13000.0,100.0
721567/2023,Queens,2025-02-07,52763.0,81016.0,100.0
700865/2022,Queens,2025-02-07,265009.0,608633.0,100.0
717693/2017,Queens,2025-02-07,573326.0,712100.0,1.135e6
135143/2022,Staten Island,2025-02-06,399176.0,447058.0,710000.0
135565/2017,Staten Island,2025-02-06,313884.0,348500.0,349000.0
135326/2023,Staten Island,2025-02-06,208143.0,228100.0,228140.0
26736/2019E,Bronx,2025-02-03,21593.0,241062.0,695000.0
720342/2021,Queens,2025-01-31,696480.0,459000.0,100.0
709795/2014,Queens,2025-01-31,674504.0,599444.0,750000.0
704688/2015,Queens,2025-01-31,487374.0,548250.0,549000.0
702514/2015,Queens,2025-01-31,521450.0,793429.0,905000.0
700653/2015,Queens,2025-01-31,997740.0,846588.0,847000.0
701562/2017,Queens,2025-01-31,518318.0,418569.0,455000.0
715494/2019,Queens,2025-01-31,524629.0,604313.0,100.0
718602/2022,Queens,2025-01-31,335809.0,390103.0,560000.0
727035/2021,Queens,2025-01-31,919646.0,1.130683e6,100.0
710109/2015,Queens,2025-01-31,28132.0,510000.0,100.0
724177/2020,Queens,2025-01-31,1.313329e6,512235.0,780000.0
724520/2020,Queens,2025-01-31,533182.0,890000.0,940000.0
715504/2022,Queens,2025-01-31,1.4768e6,1.25e6,100.0
506053/2016,Brooklyn,2025-01-30,809874.0,470000.0,1.19e6
850623/2023,Manhattan,2025-01-29,2.182588e6,600000.0,100.0
35112/2014E,Bronx,2025-01-27,394980.0,947073.0,100.0
35195/2014E,Bronx,2025-01-27,717795.0,676800.0,700000.0
35400/2015E,Bronx,2025-01-27,451536.0,480294.0,100.0
35300/2018E,Bronx,2025-01-27,764530.0,696117.0,100.0
36550/2019E,Bronx,2025-01-27,142762.0,175085.0,170000.0
819448/2022E,Bronx,2025-01-27,30645.0,47835.0,205000.0
709216/2014,Queens,2025-01-24,841483.0,549000.0,100.0
706645/2016,Queens,2025-01-24,1.220348e6,439317.0,650000.0
709260/2017,Queens,2025-01-24,446999.0,509440.0,100.0
717045/2018,Queens,2025-01-24,630545.0,833198.0,1.34e6
708668/2022,Queens,2025-01-24,421537.0,500761.0,100.0
708720/2021,Queens,2025-01-24,491580.0,516300.0,100.0
710738/2021,Queens,2025-01-24,743572.0,930361.0,100.0
703844/2021,Queens,2025-01-24,1.022511e6,825638.0,100.0
704025/2021,Queens,2025-01-24,433980.0,369233.0,100.0
726087/2022,Queens,2025-01-24,507923.0,100000.0,110000.0
135356/2019,Staten Island,2025-01-23,377746.0,381500.0,480000.0
525125/2023,Brooklyn,2025-01-23,1.289299e6,1.7e6,1.7e6
150481/2023,Manhattan,2025-01-22,2647.0,14599.0,15000.0
850158/2023,Manhattan,2025-01-22,28099.0,39549.0,165000.0
850553/2023,Manhattan,2025-01-22,570477.0,589208.0,100.0
707887/2021,Queens,2025-01-17,627600.0,442000.0,520000.0
718443/2019,Queens,2025-01-17,3.047795e6,3.719635e6,100.0
708798/2024,Queens,2025-01-17,1.235687e6,1.346767e6,100.0
721884/2021,Queens,2025-01-17,943054.0,601106.0,100.0
724234/2021,Queens,2025-01-17,136735.0,279987.0,280000.0
713469/2015,Queens,2025-01-17,528164.0,600000.0,100.0
710013/2018,Queens,2025-01-17,512495.0,550921.0,100.0
717483/2017,Queens,2025-01-17,332323.0,400000.0,450000.0
721151/2019,Queens,2025-01-17,948390.0,999900.0,100.0
717934/2018,Queens,2025-01-17,594762.0,382500.0,100.0
717936/2022,Queens,2025-01-17,685178.0,530000.0,530001.0
850205/2021,Manhattan,2025-01-16,58015.0,66124.0,100.0
850268/2024,Manhattan,2025-01-16,36555.0,38846.0,100.0
10158/2012,Brooklyn,2025-01-16,726243.0,806584.0,100.0
504410/2022,Brooklyn,2025-01-16,1.422377e6,1.571368e6,100.0
537903/2022,Brooklyn,2025-01-16,1.943361e6,1.9e6,2.01e6
525817/2022,Brooklyn,2025-01-16,44227.0,93010.0,360000.0
510109/2024,Brooklyn,2025-01-16,870952.0,870952.0,100.0
35249/2013E,Bronx,2025-01-13,558387.0,650250.0,655000.0
35596/2014E,Bronx,2025-01-13,545299.0,730134.0,100.0
380337/2014E,Bronx,2025-01-13,314132.0,416244.0,910000.0
32134/2016E,Bronx,2025-01-13,505591.0,422400.0,535000.0
32384/2017E,Bronx,2025-01-13,514856.0,571683.0,650000.0
35195/2018E,Bronx,2025-01-13,559341.0,781794.0,100.0
35230/2018E,Bronx,2025-01-13,662679.0,778500.0,779000.0
805435/2023E,Bronx,2025-01-13,26788.0,40819.0,225000.0
707304/2014,Queens,2025-01-10,744191.0,675000.0,100.0
701074/2018,Queens,2025-01-10,338183.0,877368.0,100.0
710187/2020,Queens,2025-01-10,418638.0,419201.0,100.0
724727/2020,Queens,2025-01-10,647245.0,639500.0,100.0
703240/2021,Queens,2025-01-10,697697.0,824500.0,100.0
705509/2016,Queens,2025-01-10,365742.0,526805.0,545000.0
713494/2018,Queens,2025-01-10,586559.0,654001.0,100.0
712076/2019,Queens,2025-01-10,159112.0,192500.0,100.0
705904/2023,Queens,2025-01-10,512624.0,450000.0,100.0
850060/2019,Manhattan,2025-01-09,73589.0,76503.0,100.0
530833/2023,Brooklyn,2025-01-09,976499.0,1.082292e6,100.0
850177/2022,Manhattan,2025-01-08,4.331008e6,2.5e6,100.0
850271/2022,Manhattan,2025-01-08,2.277363e6,2.25e6,100.0
711249/2021,Queens,2025-01-03,862491.0,1.115301e6,100.0
703233/2013,Queens,2025-01-03,692515.0,640000.0,100.0
720561/2022,Queens,2025-01-03,32660.0,95000.0,600000.0
101145/2014,Staten Island,2024-12-19,444771.0,717030.0,100.0
135292/2015,Staten Island,2024-12-19,536634.0,731237.0,540000.0
514689/2015,Brooklyn,2024-12-19,531154.0,459000.0,100.0
22618/2007,Brooklyn,2024-12-19,1.180335e6,2.016587e6,100.0
850260/2019,Manhattan,2024-12-18,1.056344e6,1.148634e6,1.4e6
521203/2020,Brooklyn,2025-02-13,18408.0,49662.0,210000.0
705516/2023,Queens,2025-01-24,577247.0,674471.0,707000.0
725460/2022,Queens,2025-01-24,514701.0,596535.0,100.0
501252/2013,Brooklyn,2025-01-23,658107.0,905119.0,100.0
727003/2023,Queens,2025-01-17,164870.0,190088.0,470000.0
703469/2018,Queens,2025-01-17,616342.0,760604.0,100.0
714863/2021,Queens,2025-01-17,1.085635e6,1.52548e6,100.0
712761/2020,Queens,2025-01-17,627989.0,457600.0,497000.0
706770/2018,Queens,2025-01-17,699522.0,810000.0,811000.0
706545/2021,Queens,2025-01-17,1.190987e6,1.282456e6,760000.0
505054/2017,Brooklyn,2025-01-16,609489.0,1.037917e6,100.0
32799/2016E,Bronx,2025-01-13,501091.0,551473.0,765000.0
36229/2020E,Bronx,2025-01-13,2.087544e6,2.319785e6,100.0
726363/2022,Queens,2025-01-10,901108.0,840000.0,840000.0
708031/2021,Queens,2025-01-10,742647.0,640000.0,641000.0
17292/2013,Brooklyn,2025-01-09,660745.0,1.036163e6,100.0
12019/2013,Brooklyn,2025-01-09,660745.0,1.036163e6,100.0
712706/2017,Queens,2025-02-14,484115.0,318677.0,430000.0
705287/2015,Queens,2025-02-14,591833.0,455342.0,490000.0
700719/2015,Queens,2025-02-14,544893.0,484789.0,485000.0
713671/2018,Queens,2025-02-14,1.055864e6,1.157254e6,100.0
702411/2012,Queens,2025-02-14,573061.0,620500.0,630000.0
512158/2015,Brooklyn,2025-02-20,136452.0,1.87131e6,2.075e6
501789/2017,Brooklyn,2025-02-20,740218.0,786250.0,789000.0
103068/2006,Staten Island,2025-02-20,1.175233e6,1.082111e6,1.084e6
135641/2016,Staten Island,2025-02-20,311327.0,483197.0,510000.0
151376/2022,Staten Island,2025-02-20,45392.0,93000.0,100.0
151573/2022,Staten Island,2025-02-20,20000.0,20263.0,100.0
4237/2006,Brooklyn,2025-02-20,402746.0,401695.0,510000.0
521957/2023,Brooklyn,2025-02-20,569504.0,614403.0,740000.0
850247/2023,Manhattan,2025-02-19,2.094393e6,2.263166e6,100.0
705367/2022,Queens,2025-02-14,720887.0,998319.0,100.0
704530/2024,Queens,2025-02-14,472899.0,671500.0,100.0
723246/2021,Queens,2025-02-14,448629.0,403750.0,510000.0
701019/2019,Queens,2025-02-14,811325.0,535500.0,100.0
722294/2021,Queens,2025-02-14,53973.0,235942.0,470000.0
709427/2022,Queens,2025-02-14,392888.0,480102.0,530000.0
721289/2022,Queens,2025-02-14,1.212769e6,1.235464e6,100.0
504868/2018,Brooklyn,2025-02-13,104636.0,477370.0,870000.0
510039/2022,Brooklyn,2025-02-13,843983.0,923713.0,100.0
518527/2022,Brooklyn,2025-02-13,224595.0,240706.0,770000.0
520147/2023,Brooklyn,2025-02-13,378763.0,434112.0,550000.0
533172/2022,Brooklyn,2025-02-13,18033.0,45758.0,46000.0
35430/2013E,Bronx,2025-02-10,735946.0,401402.0,495000.0
35060/2018E,Bronx,2025-02-10,294653.0,527496.0,100.0
716393/2021,Queens,2025-02-07,886832.0,692750.0,100.0
135027/2022,Staten Island,2025-02-06,764346.0,700000.0,725000.0
380321/2014E,Bronx,2025-02-03,21593.0,241062.0,695000.0
709107/2021,Queens,2025-02-28,,,
32347/2016E,Bronx,2025-02-24,374660.0,466320.0,500000.0
36152/2019E,Bronx,2025-02-24,303720.0,401517.0,505000.0
717863/2017,Queens,2025-02-21,722555.0,885550.0,100.0
711596/2016,Queens,2025-02-21,933853.0,527000.0,100.0
701386/2015,Queens,2025-02-21,344430.0,543324.0,1.1e6
707541/2015,Queens,2025-02-21,1.217902e6,1.334062e6,100.0
724829/2020,Queens,2025-02-21,529100.0,476397.0,100.0
704241/2022,Queens,2025-02-21,410487.0,413850.0,850000.0
704219/2023,Queens,2025-02-21,910055.0,1.085439e6,625000.0
719169/2022,Queens,2025-02-21,669416.0,569900.0,100.0
135011/2023,Staten Island,2025-02-20,382883.0,365500.0,415000.0
850087/2023,Manhattan,2025-02-19,8.890552e6,6.1e6,6.1e6
711940/2016,Queens,2025-02-14,853984.0,1.3e6,1.35e6
508534/2015,Brooklyn,2025-02-13,1.401204e6,1.643901e6,100.0
500405/2015,Brooklyn,2025-02-13,654933.0,1.201094e6,100.0
706598/2015,Queens,2025-02-07,693196.0,545365.0,605000.0
702562/2012,Queens,2025-02-07,433357.0,473000.0,100.0
701016/2019,Queens,2025-01-31,450969.0,494325.0,100.0
508222/2018,Brooklyn,2025-01-30,734148.0,864000.0,885000.0
707721/2019,Queens,2025-01-24,937143.0,787500.0,100.0
130949/2012,Staten Island,2025-01-23,434653.0,439298.0,100.0
713708/2017,Queens,2025-01-17,368350.0,560052.0,100.0
705021/2018,Queens,2025-01-10,625637.0,656712.0,100.0
850016/2023,Manhattan,2025-01-09,32951.0,33205.0,100.0
135322/2018,Staten Island,2025-01-09,344344.0,405410.0,100.0
135331/2018,Staten Island,2025-01-09,310559.0,354175.0,100.0
135287/2022,Staten Island,2025-01-09,893614.0,926531.0,100.0
19845/2006,Brooklyn,2025-01-09,1.076166e6,1.854961e6,100.0
508355/2017,Brooklyn,2025-01-09,698020.0,1.032839e6,100.0
850120/2019,Manhattan,2025-01-08,442512.0,482461.0,483000.0
701273/2015,Queens,2025-01-03,491215.0,425000.0,550000.0
717077/2020,Queens,2025-01-03,2.803876e6,3.84832e6,4.525e6
508839/2019,Brooklyn,2025-02-13,233196.0,278555.0,100.0
701610/2023,Queens,2025-02-28,790111.0,571939.0,670000.0
718001/2017,Queens,2025-02-28,250000.0,398000.0,100.0
724624/2021,Queens,2025-02-28,12216.0,113190.0,1.015e6
723860/2021,Queens,2025-02-28,1.055636e6,906986.0,100.0
850335/2024,Manhattan,2025-02-27,35196.0,36857.0,100.0
850522/2023,Manhattan,2025-02-27,26201.0,27973.0,100.0
850560/2023,Manhattan,2025-02-27,22004.0,25751.0,100.0
700685/2024,Queens,2025-02-21,325729.0,362450.0,450000.0
713422/2023,Queens,2025-02-21,629867.0,425000.0,525000.0
704845/2018,Queens,2025-02-21,9347.0,24160.0,100.0
512146/2015,Brooklyn,2025-02-20,117559.0,375000.0,490000.0
850270/2024,Manhattan,2025-02-20,14828.0,13531.0,100.0
850315/2024,Manhattan,2025-02-20,12139.0,21690.0,100.0
850323/2024,Manhattan,2025-02-20,35937.0,20516.0,100.0
850346/2018,Manhattan,2025-02-20,16751.0,34522.0,100.0
135121/2022,Staten Island,2025-02-20,707064.0,616250.0,100.0
503305/2016,Brooklyn,2025-02-13,468058.0,817693.0,900000.0
707917/2021,Queens,2025-02-07,468127.0,515769.0,100.0
850257/2021,Manhattan,2025-02-05,4.1863779e7,4.4137189e7,100.0
715763/2020,Queens,2025-01-31,31955.0,84000.0,530000.0
704760/2015,Queens,2025-01-24,409888.0,355101.0,100.0
705395/2018,Queens,2025-01-17,52933.0,85000.0,930000.0
705162/2015,Queens,2025-02-28,965928.0,578000.0,100.0
726543/2022,Queens,2025-03-07,362835.0,410173.0,520000.0
705759/2014,Queens,2025-03-07,780807.0,344000.0,100.0
723031/2021,Queens,2025-03-07,525174.0,595000.0,100.0
724656/2021,Queens,2025-03-07,807986.0,629221.0,755000.0
703314/2016,Queens,2025-03-07,998236.0,770000.0,100.0
714306/2017,Queens,2025-03-07,1.195535e6,800000.0,100.0
505573/2023,Brooklyn,2025-03-06,1.073194e6,1.272604e6,2.102e6
519363/2018,Brooklyn,2025-03-06,633582.0,243963.0,470000.0
130489/2012,Staten Island,2025-03-06,400569.0,600000.0,100.0
157568/2020,Manhattan,2025-03-05,124959.0,400000.0,1.14e6
709270/2018,Queens,2025-02-28,384499.0,523859.0,540000.0
703763/2018,Queens,2025-02-28,1.088559e6,740000.0,100.0
513075/2020,Brooklyn,2025-02-27,927377.0,1.000563e6,100.0
850334/2024,Manhattan,2025-02-27,14400.0,14437.0,100.0
35149/2015E,Bronx,2025-02-10,479503.0,667928.0,100.0
711653/2019,Queens,2025-01-24,807689.0,855000.0,100.0
503768/2015,Brooklyn,2025-01-16,624540.0,78413.0,100.0
380184/2013E,Bronx,2025-01-13,315494.0,340000.0,100.0
524436/2022,Brooklyn,2025-03-13,34366.0,99360.0,700000.0
513176/2023,Brooklyn,2025-03-13,598300.0,707889.0,720000.0
153606/2018,Manhattan,2025-03-12,52845.0,912063.0,100.0
530245/2021,Brooklyn,2025-03-06,794117.0,880279.0,881000.0
706437/2020,Queens,2025-03-14,924167.0,1.295637e6,1.297e6
505705/2014,Brooklyn,2025-02-27,260129.0,521408.0,850000.0
850081/2019,Manhattan,2025-01-29,41253.0,35340.0,100.0
701288/2019,Queens,2025-03-21,,,
703734/2014,Queens,2025-03-21,,,
708992/2017,Queens,2025-03-21,832404.0,895500.0,100.0
709892/2014,Queens,2025-03-14,529320.0,776649.0,100.0
700889/2020,Queens,2025-03-14,181096.0,175000.0,100.0
703772/2021,Queens,2025-03-14,675834.0,701250.0,755000.0
701540/2024,Queens,2025-03-14,84480.0,629000.0,100.0
850269/2024,Manhattan,2025-03-13,146963.0,72998.0,100.0
850275/2024,Manhattan,2025-03-13,43644.0,46152.0,100.0
850277/2024,Manhattan,2025-03-13,34608.0,25453.0,100.0
850287/2024,Manhattan,2025-03-13,45795.0,25639.0,100.0
532830/2022,Brooklyn,2025-03-13,5.8063773e7,5.15e7,100.0
381288/2012E,Bronx,2025-03-10,318936.0,516396.0,675000.0
704795/2019,Queens,2025-03-21,447563.0,612178.0,100.0
712531/2019,Queens,2025-03-21,668769.0,900396.0,780000.0
713011/2019,Queens,2025-03-21,766424.0,504000.0,100.0
706620/2021,Queens,2025-03-21,593822.0,868194.0,100.0
724510/2020,Queens,2025-03-21,276800.0,320828.0,430000.0
716729/2017,Queens,2025-03-21,736984.0,632000.0,100.0
717583/2023,Queens,2025-03-21,1.154717e6,515400.0,100.0
135121/2020,Staten Island,2025-03-20,389353.0,400000.0,100.0
850271/2018,Manhattan,2025-03-19,2.904537e6,4.385276e6,100.0
700403/2023,Queens,2025-03-14,1.229215e6,999999.0,100.0
135205/2015,Staten Island,2025-03-20,837230.0,943307.0,100.0
526259/2019,Brooklyn,2025-02-13,3.51271e6,4.420209e6,100.0
717411/2021,Queens,2025-01-31,1.259868e6,580298.0,100.0
502295/2013,Brooklyn,2025-01-30,582618.0,757068.0,100.0
710581/2018,Queens,2025-03-28,538828.47,584479.58,100.0
707969/2017,Queens,2025-03-28,844567.0,930225.0,980000.0
712072/2023,Queens,2025-03-28,891320.36,999999.0,100.0
704465/2015,Queens,2025-03-28,879062.4,552500.0,559000.0
700528/2018,Queens,2025-03-28,349174.39,403131.55,404000.0
705842/2019,Queens,2025-03-28,548607.47,649524.42,100.0
702948/2021,Queens,2025-03-28,839883.35,1.07665457e6,100.0
702781/2023,Queens,2025-03-28,271072.36,365471.98,860000.0
719052/2022,Queens,2025-03-28,5740.0,16150.81,210000.0
723167/2022,Queens,2025-03-28,561552.99,585000.0,100.0
850180/2022,Manhattan,2025-03-26,391830.98,391830.0,100.0
850264/2022,Manhattan,2025-03-26,9.74143001e6,6.9e6,100.0
117606/2006,Manhattan,2025-03-19,1.21974517e6,1.0305e6,100.0
32153/2017E,Bronx,2025-04-07,415570.54,532031.76,100.0
813429/2023E,Bronx,2025-04-07,20812.49,39426.27,185000.0
381531/2010E,Bronx,2025-04-07,271952.8,466829.67,460000.0
33769/2020E,Bronx,2025-04-07,7426.26,23430.0,500000.0
808950/2023E,Bronx,2025-04-07,12029.0,12039.0,1.0e6
706789/2023,Queens,2025-04-04,779064.42,828061.62,100.0
704982/2014,Queens,2025-04-04,390880.49,564751.8,562000.0
715922/2023,Queens,2025-04-04,4880,114500,100.0
502089/2022,Brooklyn,2025-04-03,3.13759648e6,3.4e6,3.400001e6
850143/2021,Manhattan,2025-04-02,2.25029226e6,900000.0,100.0
850025/2022,Manhattan,2025-04-02,1.68321618e6,1.8e6,100.0
717902/2022,Queens,2025-03-28,1.037695e6,931193.0,100.0
704840/2016,Queens,2025-03-28,769635.52,907500.0,100.0
703726/2016,Queens,2025-04-11,594211.11,440000.0,870000.0
709653/2017,Queens,2025-04-11,907343.4,1.419566e6,100.0
710657/2015,Queens,2025-04-11,757224.2,752224.0,100.0
710061/2021,Queens,2025-04-11,525855.0,392700.0,100.0
703628/2023,Queens,2025-04-11,405261.19,475491.53,680000.0
716385/2019,Queens,2025-04-11,581741.3,595000.0,100.0
700901/2023,Queens,2025-04-11,506503.46,427400.28,510000.0
707772/2023,Queens,2025-04-11,424220.51,475008.64,100.0
716117/2023,Queens,2025-04-11,93043.0,131500.0,100.0
517966/2023,Brooklyn,2025-04-10,438540.47,478010.85,490000.0
850053/2019,Manhattan,2025-04-09,332718.76,272000.0,335000.0
850332/2023,Manhattan,2025-04-09,26074.66,17370.0,100.0
850324/2024,Manhattan,2025-04-03,162319.45,172079.7,100.0
850325/2024,Manhattan,2025-04-03,47953.62,50554.32,100.0
502471/2019,Brooklyn,2025-04-03,657085.62,750000.0,1.08e6
532770/2022,Brooklyn,2025-04-03,3365.14,15359.34,15500.0
520002/2023,Brooklyn,2025-04-03,727458.43,827000.0,1.19e6
716958/2022,Queens,2025-03-28,311849.25,501600.0,100.0
518150/2022,Brooklyn,2025-03-27,674198.22,811804.0,877000.0
850141/2024,Manhattan,2025-03-27,59778.54,61537.7,10.0
850263/2024,Manhattan,2025-03-27,49937.09,54351.67,10.0
850590/2023,Manhattan,2025-03-27,25295.86,26612.97,10.0
850413/2023,Manhattan,2025-03-26,1.428503e6,1.089e6,100.0
850222/2023,Manhattan,2025-03-26,3.38369005e6,3.62518142e6,100.0
850217/2016,Manhattan,2025-04-23,1.88729488e6,1.29521654e6,1.296e6
850107/2020,Manhattan,2025-04-23,2.13434959e6,1.255e6,100.0
850110/2022,Manhattan,2025-04-23,1.1591643e7,1.1591643e7,100.0
850624/2023,Manhattan,2025-04-23,755529.61,797906.0,860000.0
260857/2013E,Bronx,2025-04-21,4588.09,37997.0,80000.0
32130/2017E,Bronx,2025-04-21,452674.36,263500.0,100.0
28279/2019E,Bronx,2025-04-21,2254.36,116581.0,510000.0
708990/2018,Queens,2025-04-18,684740.43,987818.0,100.0
721767/2023,Queens,2025-04-18,357618.0,397000.0,700000.0
710344/2024,Queens,2025-04-18,618141.0,476000.0,100.0
715053/2016,Queens,2025-04-18,253485.6,386424.01,415000.0
130640/2009,Staten Island,2025-04-17,760278.28,614961.0,730000.0
529107/2022,Brooklyn,2025-04-17,750245.1,83399.42,850000.0
850164/2015,Manhattan,2025-04-16,1.008454e6,1.968543e6,1.2052e6
850006/2018,Manhattan,2025-04-16,873418.9,1.0820497e6,100
707022/2014,Queens,2025-04-11,487055.39,499500.0,500000.0
16648/2014,Brooklyn,2025-04-10,459695.92,763851.9,764000.0
1859/2010,Brooklyn,2025-04-03,674619.48,756331.84,757500.0
20084/2008,Brooklyn,2025-04-03,855969.96,1.2665e6,1.267e6
3626/2008,Brooklyn,2025-04-03,629631.1,863402.0,864000.0
715384/2017,Queens,2025-04-25,578935.42,510000.0,570000.0
708737/2015,Queens,2025-04-25,440386.02,573750.0,574000.0
700560/2015,Queens,2025-05-02,282909.77,399125.13,465000.0
708556/2014,Queens,2025-05-02,528457.99,446250.0,447000.0
713526/2020,Queens,2025-05-02,411695.0,318671.35,479000.0
710301/2021,Queens,2025-05-02,1.0486485e6,783200.0,905000.0
701714/2017,Queens,2025-05-02,594737.45,510000.0,540000.0
703717/2017,Queens,2025-05-02,332085.77,413368.83,765000.0
708067/2018,Queens,2025-05-02,17982.87,192000.0,825000.0
715281/2021,Queens,2025-05-02,2541.61,8200.0,9000.0
702489/2024,Queens,2025-05-02,637094.26,578000.0,100.0
527271/2021,Brooklyn,2025-05-01,467085.38,450000.0,595000.0
159074/2020,Manhattan,2025-04-30,131692.0,424750.0,1.07e6
705439/2018,Queens,2025-04-25,625961.0,607750.0,100.0
717002/2019,Queens,2025-04-25,265155.5,305383.62,585000.01
704865/2021,Queens,2025-05-09,598791.74,1.1e6,510000.0
701944/2021,Queens,2025-05-09,2.46523571e6,934000.0,100.0
726578/2022,Queens,2025-05-09,722827.98,820845.0,100.0
711940/2017,Queens,2025-05-09,412100.86,521110.0,522000.0
708439/2016,Queens,2025-05-09,1.003526e6,1.0673383e6,100.0
715807/2020,Queens,2025-05-09,1.16933223e6,589063.07,710000.0
713894/2019,Queens,2025-05-09,72522.19,94500.0,100.0
521176/2022,Brooklyn,2025-05-08,557156.38,450000.0,450000.0
505301/2024,Brooklyn,2025-05-08,785635.75,949140.26,100.0
158989/2022,Manhattan,2025-05-07,109745.0,175811.0,730000.0
160744/2022,Manhattan,2025-05-07,1878.76,2000.0,100.0
380099/2014E,Bronx,2025-05-05,410872.08,767231.0,100.0
380556/2010E,Bronx,2025-05-05,882823.27,882823.37,100.0
380817/2012E,Bronx,2025-05-05,597017.82,487937.95,590000.0
701269/2019,Queens,2025-04-25,1.06774159e6,950000.0,1.105e6
724486/2022,Queens,2025-04-18,686374.0,546500.0,660000.0
522647/2020,Brooklyn,2025-05-15,21852.36,82047.58,655000.0
655763/2021,Manhattan,2025-05-14,1.7619472e7,1.7197518e7,100.0
35463/2018E,Bronx,2025-05-12,373772.51,358327.49,359000.0
808503/2023E,Bronx,2025-05-12,601060.67,600000.0,1.94e6
816407/2022E,Bronx,2025-05-12,14143.25,41268.0,160000.0
702657/2016,Queens,2025-05-09,473941.83,584312.0,100.0
33702/2020E,Bronx,2025-05-05,100853.24,245710.0,500000.0
816004/2023E,Bronx,2025-05-05,4932.0,61000.0,61100.0
702467/2017,Queens,2025-05-23,792792.05,988462.18,925000.0
707661/2023,Queens,2025-05-23,348916.67,446928.84,100.0
709522/2019,Queens,2025-05-16,449553.13,556881.2,610000.0
716712/2023,Queens,2025-05-16,377188.81,409972.0,570000.0
850189/2014,Manhattan,2025-05-28,800000.0,800000.0,100.0
516768/2020,Brooklyn,2025-05-22,1.479874e6,975000.0,1.0e6
502354/2017,Brooklyn,2025-05-22,624316.95,749263.87,742324.0
514771/2017,Brooklyn,2025-05-22,678424.18,675000.0,705000.0
35036/2012E,Bronx,2025-05-19,595000.0,595000.0,100.0
381013/2009E,Bronx,2025-05-19,673700.0,673700.0,685000.0
724445/2023,Queens,2025-05-16,466383.92,622364.0,100.0
703654/2019,Queens,2025-05-16,984512.45,833000.0,100.0
32667/2017E,Bronx,2025-06-02,737163.0,790500.0,100.0
381821/2008E,Bronx,2025-06-02,511114.79,900000.0,100.0
380322/2014E,Bronx,2025-06-02,875250.0,800500.0,100.0
32432/2016E,Bronx,2025-06-02,137892.32,225858.26,100.0
808917/2023E,Bronx,2025-06-02,327790.39,347935.0,445000.0
716401/2019,Queens,2025-05-30,13260.0,120000.0,950000.0
727046/2022,Queens,2025-05-30,746922.25,518500.0,519000.0
705011/2018,Queens,2025-05-30,9.56524674e6,815950.0,100.0
700462/2023,Queens,2025-05-30,641629.18,663641.18,100.0
713513/2023,Queens,2025-05-30,626261.46,612000.0,100.0
717491/2023,Queens,2025-05-30,548470.0,556750.0,100.0
150232/2021,Staten Island,2025-05-29,365907.66,415002.09,540000.0
710143/2015,Queens,2025-06-06,381339.07,447437.51,100.0
702967/2022,Queens,2025-06-06,744718.59,850000.0,100.0
717833/2021,Queens,2025-06-06,976496.55,761000.0,763000.0
713899/2019,Queens,2025-06-06,511433.0,554730.0,100.0
724457/2020,Queens,2025-06-06,2.06937708e6,1.467e6,1.468e6
708605/2022,Queens,2025-06-06,911641.01,1.33397401e6,100.0
710091/2015,Queens,2025-06-06,998221.14,760000.0,761000.0
704018/2021,Queens,2025-06-06,491939.9,717954.1,100.0
532343/2022,Brooklyn,2025-06-05,2.212896e6,2.80807976e6,100.0
850501/2023,Manhattan,2025-06-04,7.35544975e6,7.66923159e6,100.0
850663/2023,Manhattan,2025-06-04,554580.3,530000.0,100.0
35142/2018E,Bronx,2025-06-02,433491.0,440461.0,451000.0
714917/2021,Queens,2025-05-30,1.20780421e6,1.2e6,100.0
154079/2022,Manhattan,2025-05-28,1.12968773e6,1.535936e6,1.536e6
723116/2020,Queens,2025-05-23,687700.0,760000.0,100.0
506148/2016,Brooklyn,2025-05-22,312549.15,535836.76,870000.0
705541/2024,Queens,2025-05-16,323871.61,454941.0,670000.0
700810/2014,Queens,2025-05-16,1.156135e6,1.882563e6,100.0
135451/2018,Staten Island,2025-05-15,521069.88,561359.0,572000.0
524795/2017,Brooklyn,2025-05-15,998691.07,1.19089725e6,100.0
723966/2021,Queens,2025-06-13,360653.36,573750.0,630000.0
704872/2015,Queens,2025-06-13,708505.5,423642.75,650000.0
709964/2016,Queens,2025-06-13,415478.73,635000.0,100.0
720443/2022,Queens,2025-06-13,28371.63,75000.0,795000.0
723939/2022,Queens,2025-06-13,543835.17,468000.0,600000.0
850323/2023,Manhattan,2025-06-11,26257.01,10020.0,100.0
850498/2023,Manhattan,2025-06-11,8.11639795e6,8.6123166e6,100.0
381364/2009E,Bronx,2025-06-09,705822.92,654606.0,100.0
35179/2013E,Bronx,2025-06-09,520148.0,930897.0,100.0
380033/2015E,Bronx,2025-06-09,511016.41,909357.0,500000.0
35568/2018E,Bronx,2025-06-09,688869.0,789938.0,100.0
809792/2021E,Bronx,2025-06-09,5.5412674e6,6.32294391e6,100.0
802289/2022E,Bronx,2025-06-09,445349.17,489054.94,100.0
706903/2021,Queens,2025-06-06,581425.0,549100.0,100.0
103355/2006,Staten Island,2025-05-29,395197.23,618744.64,100.0
704711/2022,Queens,2025-05-23,759182.0,586600.0,100.0
850404/2024,Manhattan,2025-05-22,70429.83,75536.61,100.0
850420/2024,Manhattan,2025-05-22,19327.1,18579.11,100.0
5214/2011,Brooklyn,2025-05-22,861505.13,850000.0,100.0
850191/2023,Manhattan,2025-05-21,23048.53,28963.06,100.0
380122/2010E,Bronx,2025-05-19,1.04891622e6,652000.0,100.0
721748/2022,Queens,2025-05-16,95297.45,129100.0,800000.0
